<?xml version="1.0" encoding="utf-8" ?>
<dwsync>
<file name="jnu.png" server="C:/xampp/htdocs/MYSERVER/PHP/" local="131044847561606598" remote="131044847560000000" Dst="0" />
<file name="nita.png" server="C:/xampp/htdocs/MYSERVER/PHP/" local="131044848957559660" remote="131044848950000000" Dst="0" />
<file name="nitclt.png" server="C:/xampp/htdocs/MYSERVER/PHP/" local="131044848206652834" remote="131044848200000000" Dst="0" />
<file name="nitjsr.png" server="C:/xampp/htdocs/MYSERVER/PHP/" local="131044847185479614" remote="131044847180000000" Dst="0" />
<file name="nitw.png" server="C:/xampp/htdocs/MYSERVER/PHP/" local="131044846783049428" remote="131044846780000000" Dst="0" />
<file name="nitrr.png" server="C:/xampp/htdocs/MYSERVER/PHP/" local="131044847925994270" remote="131044847920000000" Dst="0" />
<file name="nitw2.png" server="C:/xampp/htdocs/MYSERVER/PHP/" local="131044849353931698" remote="131044849350000000" Dst="0" />
<file name="nitww.png" server="C:/xampp/htdocs/MYSERVER/PHP/" local="131044849701688832" remote="131044849700000000" Dst="0" />
</dwsync>